RK,Team,Abbr,TOTAL DVOA,LAST WEEK,DAVE_WEI_DVOA,RANK,W-L,OFFENSE DVOA,OFF. RANK,DEFENSE DVOA,DEF. RANK,S.T. DVOA,S.T. RANK,WEEK,YEAR,WEIGHTED DVOA,RANK.1,non-adj VOA,Last Year,ESTIM. WINS,EW RANK,SCHEDULE RANK,RANK.2,PYTH WINS,RANK.3,VAR.,RANK.4
1,Seattle Seahawks,SEA,0.386,,0.512,1,10-6,0.19699999999999998,1,-0.14800000000000002,4,0.042,3,17,2015,,,0.322,1.0,12.6,1.0,0.028999999999999998,14.0,11.8,3.0,0.15,21.0
2,Arizona Cardinals,ARI,0.302,,0.217,6,13-3,0.162,4,-0.18100000000000002,2,-0.04,29,17,2015,,,0.31,20.0,12.0,3.0,0.016,16.0,12.1,2.0,0.22899999999999998,31.0
3,Cincinnati Bengals,CIN,0.266,,0.223,5,12-4,0.19399999999999998,2,-0.05,10,0.022000000000000002,8,17,2015,,,0.223,13.0,12.1,2.0,0.031,13.0,11.7,4.0,0.086,7.0
4,Carolina Panthers,CAR,0.255,,0.294,3,15-1,0.105,7,-0.17300000000000001,3,-0.024,23,17,2015,,,0.314,24.0,11.0,5.0,-0.078,32.0,12.4,1.0,0.141,18.0
5,Kansas City Chiefs,KC,0.255,,0.327,2,11-5,0.131,6,-0.10400000000000001,8,0.02,9,17,2015,,,0.24,10.0,11.4,4.0,0.019,15.0,11.2,6.0,0.18100000000000002,29.0
6,New England Patriots,NE,0.226,,0.151,8,12-4,0.154,5,-0.034,11,0.039,5,17,2015,,,0.242,5.0,10.8,6.0,-0.048,25.0,11.7,5.0,0.124,14.0
7,Pittsburgh Steelers,PIT,0.204,,0.239,4,10-6,0.177,3,-0.026000000000000002,12,0.001,18,17,2015,,,0.185,8.0,10.7,7.0,0.045,8.0,10.7,7.0,0.094,9.0
8,Denver Broncos,DEN,0.174,,0.17600000000000002,7,12-4,-0.085,24,-0.252,1,0.006999999999999999,14,17,2015,,,0.17300000000000001,2.0,10.6,8.0,0.035,11.0,9.7,10.0,0.114,13.0
9,New York Jets,NYJ,0.11699999999999999,,0.121,11,10-6,0.016,14,-0.13,6,-0.028999999999999998,25,17,2015,,,0.18899999999999997,27.0,9.6,10.0,-0.07400000000000001,30.0,10.0,8.0,0.107,12.0
10,Green Bay Packers,GB,0.087,,-0.026000000000000002,18,10-6,0.027000000000000003,11,-0.057,9,0.004,17,17,2015,,,0.045,3.0,9.7,9.0,0.053,5.0,9.3,11.0,0.168,25.0
11,Minnesota Vikings,MIN,0.057999999999999996,,0.135,10,11-5,0.005,15,-0.013999999999999999,14,0.039,4,17,2015,,,0.061,25.0,9.5,11.0,0.038,10.0,9.8,9.0,0.163,23.0
12,Detroit Lions,DET,0.05,,0.149,9,7-9,0.017,13,-0.023,13,0.01,13,17,2015,,,-0.011000000000000001,11.0,7.9,15.0,0.034,12.0,6.9,18.0,0.168,24.0
13,Buffalo Bills,BUF,0.009000000000000001,,-0.012,16,8-8,0.09699999999999999,9,0.10300000000000001,24,0.015,12,17,2015,,,0.039,9.0,8.5,12.0,-0.012,19.0,8.5,13.0,0.106,10.0
14,St. Louis Rams,STL,0.009000000000000001,,-0.022000000000000002,17,7-9,-0.155,29,-0.14,5,0.024,7,17,2015,,,-0.05,17.0,8.3,13.0,0.064,3.0,6.5,20.0,0.146,20.0
15,Oakland Raiders,OAK,-0.006,,-0.006999999999999999,15,7-9,-0.013000000000000001,17,-0.008,16,-0.001,19,17,2015,,,-0.004,30.0,7.3,18.0,0.042,9.0,6.9,17.0,0.08900000000000001,8.0
16,Washington Redskins,WAS,-0.008,,0.061,12,9-7,0.02,12,0.06,21,0.032,6,17,2015,,,0.034,28.0,7.7,16.0,-0.047,24.0,8.2,14.0,0.17300000000000001,27.0
17,Houston Texans,HOU,-0.024,,0.053,13,9-7,-0.08800000000000001,25,-0.122,7,-0.057,32,17,2015,,,0.031,18.0,8.1,14.0,-0.039,23.0,8.8,12.0,0.17800000000000002,28.0
18,Baltimore Ravens,BAL,-0.044000000000000004,,-0.040999999999999995,20,5-11,-0.054000000000000006,21,0.063,22,0.073,1,17,2015,,,-0.084,4.0,7.2,19.0,0.047,7.0,6.0,25.0,0.039,1.0
19,Chicago Bears,CHI,-0.065,,0.002,14,6-10,0.066,10,0.11900000000000001,31,-0.012,21,17,2015,,,-0.111,26.0,6.7,20.0,0.06,4.0,6.3,22.0,0.085,6.0
20,New York Giants,NYG,-0.07400000000000001,,-0.08,21,6-10,-0.018000000000000002,19,0.11,27,0.054000000000000006,2,17,2015,,,-0.044000000000000004,22.0,7.4,17.0,-0.049,26.0,7.5,16.0,0.133,16.0
21,Tampa Bay Buccaneers,TB,-0.095,,-0.032,19,6-10,-0.015,18,0.033,19,-0.047,30,17,2015,,,-0.078,29.0,6.5,22.0,-0.067,29.0,6.0,24.0,0.17,26.0
22,Atlanta Falcons,ATL,-0.12300000000000001,,-0.184,28,8-8,-0.07200000000000001,22,0.031,18,-0.021,22,17,2015,,,-0.055,21.0,6.4,23.0,-0.07400000000000001,31.0,7.8,15.0,0.07200000000000001,3.0
23,Philadelphia Eagles,PHI,-0.127,,-0.174,25,7-9,-0.105,26,0.042,20,0.019,10,17,2015,,,-0.142,7.0,6.6,21.0,-0.006999999999999999,18.0,6.7,19.0,0.195,30.0
24,Indianapolis Colts,IND,-0.14,,-0.145,23,8-8,-0.159,31,-0.013999999999999999,15,0.005,16,17,2015,,,-0.14,14.0,5.4,28.0,-0.034,21.0,6.0,26.0,0.134,17.0
25,New Orleans Saints,NO,-0.15,,-0.12,22,7-9,0.098,8,0.217,32,-0.032,26,17,2015,,,-0.10800000000000001,15.0,5.7,24.0,-0.035,22.0,6.4,21.0,0.128,15.0
26,Dallas Cowboys,DAL,-0.16,,-0.171,24,4-12,-0.158,30,0.02,17,0.018000000000000002,11,17,2015,,,-0.174,6.0,4.6,29.0,0.005,17.0,5.2,29.0,0.045,2.0
27,Jacksonville Jaguars,JAX,-0.16699999999999998,,-0.179,26,5-11,-0.052000000000000005,20,0.106,25,-0.009000000000000001,20,17,2015,,,-0.11900000000000001,32.0,5.6,26.0,-0.067,28.0,6.2,23.0,0.106,11.0
28,San Diego Chargers,SD,-0.16899999999999998,,-0.179,27,4-12,-0.004,16,0.11199999999999999,29,-0.053,31,17,2015,,,-0.183,19.0,5.7,25.0,0.049,6.0,5.9,27.0,0.084,5.0
29,Miami Dolphins,MIA,-0.21100000000000002,,-0.207,29,6-10,-0.07400000000000001,23,0.11,28,-0.027000000000000003,24,17,2015,,,-0.175,16.0,5.6,27.0,-0.031,20.0,5.8,28.0,0.259,32.0
30,Cleveland Browns,CLE,-0.24100000000000002,,-0.25,31,3-13,-0.132,27,0.115,30,0.006999999999999999,15,17,2015,,,-0.316,23.0,4.3,30.0,0.085,2.0,4.0,31.0,0.081,4.0
31,Tennessee Titans,TEN,-0.281,,-0.341,32,3-13,-0.159,32,0.084,23,-0.038,28,17,2015,,,-0.26899999999999996,31.0,4.2,31.0,-0.055,27.0,4.8,30.0,0.16,22.0
32,San Francisco 49ers,SF,-0.28300000000000003,,-0.23800000000000002,30,5-11,-0.139,28,0.10800000000000001,26,-0.036000000000000004,27,17,2015,,,-0.326,12.0,3.9,32.0,0.095,1.0,3.8,32.0,0.142,19.0
1,New England Patriots,NE,0.251,,0.325,1,14-2,0.212,2,-0.016,16,0.023,8,17,2016,,,0.305,6.0,11.9,3.0,-0.085,32.0,12.8,1.0,0.127,17.0
2,Dallas Cowboys,DAL,0.24,,0.252,3,13-3,0.20199999999999999,3,-0.022000000000000002,14,0.016,9,17,2016,,,0.225,26.0,12.3,1.0,0.015,8.0,11.0,2.0,0.063,4.0
3,Atlanta Falcons,ATL,0.239,,0.264,2,11-5,0.251,1,0.036000000000000004,19,0.025,7,17,2016,,,0.242,22.0,12.3,2.0,-0.004,21.0,10.9,3.0,0.079,8.0
4,Pittsburgh Steelers,PIT,0.156,,0.20199999999999999,4,11-5,0.127,8,-0.03,11,-0.001,16,17,2016,,,0.163,7.0,10.0,4.0,0.005,16.0,9.9,5.0,0.24100000000000002,32.0
5,Kansas City Chiefs,KC,0.135,,0.16699999999999998,5,12-4,0.031,13,-0.026000000000000002,13,0.078,1,17,2016,,,0.128,5.0,9.7,7.0,-0.012,24.0,10.1,4.0,0.14800000000000002,22.0
6,Philadelphia Eagles,PHI,0.133,,0.077,10,7-9,-0.052000000000000005,20,-0.11,4,0.075,2,17,2016,,,0.10099999999999999,23.0,9.7,6.0,0.064,1.0,9.0,10.0,0.152,24.0
7,Green Bay Packers,GB,0.11,,0.14400000000000002,6,10-6,0.166,4,0.038,21,-0.019,21,17,2016,,,0.10300000000000001,10.0,9.6,9.0,0.009000000000000001,10.0,9.1,8.0,0.135,18.0
8,New York Giants,NYG,0.094,,0.134,7,11-5,-0.057,21,-0.139,3,0.012,11,17,2016,,,0.053,20.0,9.8,5.0,0.032,4.0,8.8,11.0,0.024,1.0
9,Washington Redskins,WAS,0.08900000000000001,,0.109,9,8-7-2001,0.155,5,0.07,25,0.004,13,17,2016,,,0.045,16.0,9.6,8.0,0.048,3.0,8.3,18.0,0.10400000000000001,14.0
10,Oakland Raiders,OAK,0.076,,0.046,13,12-4,0.128,7,0.055999999999999994,24,0.003,14,17,2016,,,0.057,15.0,8.7,14.0,0.011000000000000001,9.0,8.8,12.0,0.091,9.0
11,Seattle Seahawks,SEA,0.075,,0.036000000000000004,15,10-5-2001,-0.025,16,-0.10099999999999999,5,-0.001,15,17,2016,,,0.105,1.0,9.0,12.0,-0.04,27.0,9.8,6.0,0.17600000000000002,30.0
12,Baltimore Ravens,BAL,0.07200000000000001,,0.11599999999999999,8,8-8,-0.07200000000000001,23,-0.095,6,0.049,4,17,2016,,,0.061,18.0,9.1,11.0,0.008,11.0,8.6,13.0,0.147,21.0
13,Arizona Cardinals,ARI,0.046,,0.037000000000000005,14,7-8-2001,-0.062,22,-0.171,2,-0.063,30,17,2016,,,0.078,2.0,8.1,18.0,-0.045,30.0,9.4,7.0,0.146,20.0
14,Cincinnati Bengals,CIN,0.032,,0.05,12,6-9-2001,0.073,11,0.013999999999999999,18,-0.027000000000000003,28,17,2016,,,0.02,3.0,7.8,19.0,0.005,15.0,8.3,19.0,0.098,11.0
15,Denver Broncos,DEN,0.028999999999999998,,-0.005,19,9-7,-0.12,28,-0.172,1,-0.023,24,17,2016,,,0.036000000000000004,8.0,8.4,17.0,0.03,5.0,9.1,9.0,0.11199999999999999,16.0
16,New Orleans Saints,NO,0.022000000000000002,,0.022000000000000002,17,7-9,0.152,6,0.10400000000000001,28,-0.026000000000000002,27,17,2016,,,0.054000000000000006,25.0,9.2,10.0,0.006999999999999999,13.0,8.3,17.0,0.05,2.0
17,Tennessee Titans,TEN,0.02,,0.062,11,9-7,0.10800000000000001,9,0.076,26,-0.011000000000000001,19,17,2016,,,0.08199999999999999,31.0,8.5,16.0,-0.057999999999999996,31.0,8.1,20.0,0.105,15.0
18,Minnesota Vikings,MIN,0.012,,-0.065,22,8-8,-0.09699999999999999,26,-0.094,7,0.015,10,17,2016,,,0.039,11.0,8.9,13.0,0.001,17.0,8.6,14.0,0.158,26.0
19,Buffalo Bills,BUF,-0.006999999999999999,,-0.027000000000000003,20,7-9,0.105,10,0.094,27,-0.019,22,17,2016,,,0.021,13.0,7.2,21.0,-0.044000000000000004,29.0,8.5,15.0,0.17300000000000001,28.0
20,Miami Dolphins,MIA,-0.013999999999999999,,-0.027000000000000003,21,10-6,0.015,14,0.038,20,0.008,12,17,2016,,,0.013999999999999999,29.0,8.6,15.0,-0.040999999999999995,28.0,7.5,24.0,0.20199999999999999,31.0
21,San Diego Chargers,SD,-0.019,,-0.067,23,5-11,-0.033,18,-0.063,9,-0.048,29,17,2016,,,-0.023,28.0,6.8,23.0,-0.003,20.0,7.7,21.0,0.053,3.0
22,Tampa Bay Buccaneers,TB,-0.03,,0.016,18,9-7,-0.039,19,-0.027999999999999997,12,-0.018000000000000002,20,17,2016,,,-0.057,21.0,7.2,20.0,0.024,7.0,7.6,23.0,0.153,25.0
23,Indianapolis Colts,IND,-0.055999999999999994,,0.022000000000000002,16,8-8,0.033,12,0.13,29,0.040999999999999995,5,17,2016,,,-0.039,24.0,6.8,22.0,-0.039,26.0,8.5,16.0,0.146,19.0
24,Carolina Panthers,CAR,-0.063,,-0.073,24,6-10,-0.083,25,-0.044000000000000004,10,-0.025,25,17,2016,,,-0.092,4.0,6.6,24.0,0.025,6.0,7.1,25.0,0.094,10.0
25,Chicago Bears,CHI,-0.08800000000000001,,-0.091,25,3-13,-0.027999999999999997,17,0.054000000000000006,22,-0.006,18,17,2016,,,-0.1,19.0,6.1,25.0,-0.001,19.0,4.7,28.0,0.149,23.0
26,Detroit Lions,DET,-0.11199999999999999,,-0.13,27,9-7,-0.006999999999999999,15,0.14,31,0.035,6,17,2016,,,-0.1,12.0,6.0,26.0,0.0,18.0,7.7,22.0,0.10099999999999999,12.0
27,Jacksonville Jaguars,JAX,-0.11699999999999999,,-0.098,26,3-13,-0.115,27,-0.021,15,-0.023,23,17,2016,,,-0.098,27.0,5.2,27.0,-0.016,25.0,5.8,27.0,0.065,5.0
28,Houston Texans,HOU,-0.195,,-0.174,28,9-7,-0.21100000000000002,30,-0.08,8,-0.065,31,17,2016,,,-0.165,17.0,5.1,28.0,0.006999999999999999,12.0,6.5,26.0,0.073,6.0
29,San Francisco 49ers,SF,-0.215,,-0.20800000000000002,29,2-14,-0.073,24,0.14,30,-0.003,17,17,2016,,,-0.23399999999999999,32.0,4.4,31.0,-0.009000000000000001,22.0,3.9,30.0,0.10300000000000001,13.0
30,St. Louis Rams,LAR,-0.295,,-0.381,32,4-12,-0.381,32,-0.015,17,0.071,3,17,2016,,,-0.262,14.0,4.6,29.0,-0.01,23.0,3.3,32.0,0.159,27.0
31,Cleveland Browns,CLE,-0.325,,-0.299,30,1-15,-0.136,29,0.16399999999999998,32,-0.025,26,17,2016,,,-0.405,30.0,1.3,32.0,0.06,2.0,3.3,31.0,0.076,7.0
32,New York Jets,NYJ,-0.345,,-0.37200000000000005,31,5-11,-0.223,31,0.054000000000000006,23,-0.068,32,17,2016,,,-0.363,9.0,4.4,30.0,0.005,14.0,4.4,29.0,0.174,29.0
1,New Orleans Saints,NO,0.35,,0.373,1,11-5,0.22399999999999998,2,-0.114,6,0.012,15,17,2017,,,0.306,16.0,14.1,1.0,0.013999999999999999,12.0,11.1,6.0,0.064,3.0
2,Minnesota Vikings,MIN,0.287,,0.32299999999999995,2,13-3,0.125,5,-0.172,1,-0.009000000000000001,18,17,2017,,,0.278,18.0,12.3,2.0,0.026000000000000002,8.0,11.7,4.0,0.07,4.0
3,St. Louis Rams,LAR,0.276,,0.272,4,11-5,0.113,6,-0.095,7,0.068,2,17,2017,,,0.263,30.0,11.3,3.0,0.003,16.0,11.6,5.0,0.267,32.0
4,Pittsburgh Steelers,PIT,0.259,,0.249,5,13-3,0.175,3,-0.054000000000000006,9,0.031,9,17,2017,,,0.284,4.0,11.2,5.0,-0.022000000000000002,22.0,10.6,7.0,0.146,20.0
5,Philadelphia Eagles,PHI,0.237,,0.23399999999999999,6,13-3,0.105,7,-0.122,5,0.009000000000000001,16,17,2017,,,0.26,6.0,11.3,4.0,-0.026000000000000002,24.0,12.0,1.0,0.131,17.0
6,New England Patriots,NE,0.222,,0.302,3,13-3,0.27899999999999997,1,0.12,31,0.063,3,17,2017,,,0.244,1.0,10.8,6.0,-0.043,28.0,12.0,2.0,0.111,15.0
7,Baltimore Ravens,BAL,0.179,,0.213,7,9-7,-0.046,21,-0.134,4,0.092,1,17,2017,,,0.24600000000000002,12.0,10.3,7.0,-0.052000000000000005,31.0,10.5,8.0,0.175,25.0
8,Jacksonville Jaguars,JAX,0.138,,0.128,11,10-6,0.004,15,-0.159,2,-0.025,24,17,2017,,,0.212,27.0,9.0,12.0,-0.06,32.0,11.9,3.0,0.243,31.0
9,Carolina Panthers,CAR,0.126,,0.134,9,11-5,-0.001,17,-0.08,8,0.047,6,17,2017,,,0.11699999999999999,24.0,10.3,8.0,0.035,7.0,9.0,12.0,0.08900000000000001,6.0
10,Kansas City Chiefs,KC,0.109,,0.02,16,10-6,0.16399999999999998,4,0.10800000000000001,29,0.053,4,17,2017,,,0.135,5.0,10.0,9.0,-0.04,27.0,10.0,10.0,0.157,21.0
11,Dallas Cowboys,DAL,0.09300000000000001,,0.13,10,9-7,0.066,10,0.019,16,0.046,7,17,2017,,,0.085,2.0,9.4,10.0,-0.005,17.0,8.6,15.0,0.20199999999999999,28.0
12,Detroit Lions,DET,0.09,,0.043,13,9-7,0.040999999999999995,12,0.001,15,0.049,5,17,2017,,,0.08800000000000001,26.0,8.9,13.0,0.013999999999999999,11.0,8.9,14.0,0.077,5.0
13,San Diego Chargers,LAC,0.068,,0.152,8,9-7,0.10300000000000001,8,-0.039,10,-0.075,31,17,2017,,,0.153,21.0,8.2,14.0,-0.049,30.0,10.5,9.0,0.096,7.0
14,Atlanta Falcons,ATL,0.05,,0.048,12,10-6,0.085,9,0.023,17,-0.012,19,17,2017,,,0.054000000000000006,3.0,9.0,11.0,0.043,4.0,9.1,11.0,0.055999999999999994,1.0
15,Seattle Seahawks,SEA,0.023,,0.032,14,9-7,0.022000000000000002,14,-0.021,13,-0.02,20,17,2017,,,0.045,11.0,8.2,15.0,-0.005,18.0,9.0,13.0,0.111,14.0
16,Washington Redskins,WAS,-0.026000000000000002,,-0.098,20,7-9,-0.038,20,-0.035,12,-0.024,22,17,2017,,,-0.087,9.0,6.9,19.0,0.05,3.0,6.8,17.0,0.175,24.0
17,Green Bay Packers,GB,-0.045,,-0.10300000000000001,21,7-9,0.0,16,0.057999999999999996,24,0.013000000000000001,14,17,2017,,,-0.096,7.0,7.6,16.0,0.059000000000000004,2.0,6.2,22.0,0.106,12.0
18,Tennessee Titans,TEN,-0.062,,-0.094,19,9-7,-0.021,18,0.057,23,0.016,13,17,2017,,,-0.045,17.0,7.5,17.0,-0.046,29.0,7.4,16.0,0.16699999999999998,23.0
19,Arizona Cardinals,ARI,-0.08199999999999999,,-0.023,17,8-8,-0.18100000000000002,29,-0.154,3,-0.055,28,17,2017,,,-0.095,13.0,6.0,23.0,0.006,15.0,6.1,24.0,0.10400000000000001,11.0
20,Oakland Raiders,OAK,-0.086,,-0.09300000000000001,18,6-10,0.036000000000000004,13,0.12,30,-0.002,17,17,2017,,,-0.085,10.0,7.4,18.0,-0.013000000000000001,21.0,6.0,25.0,0.1,9.0
21,San Francisco 49ers,SF,-0.094,,0.02,15,6-10,-0.03,19,0.091,26,0.027000000000000003,11,17,2017,,,-0.113,29.0,6.6,21.0,0.006999999999999999,14.0,6.6,19.0,0.19899999999999998,27.0
22,Buffalo Bills,BUF,-0.107,,-0.172,27,9-7,-0.111,26,0.025,18,0.028999999999999998,10,17,2017,,,-0.095,19.0,6.8,20.0,-0.03,26.0,6.3,20.0,0.16399999999999998,22.0
23,Tampa Bay Buccaneers,TB,-0.124,,-0.141,24,5-11,0.052000000000000005,11,0.12,32,-0.055,29,17,2017,,,-0.162,22.0,6.0,24.0,0.037000000000000005,5.0,6.7,18.0,0.064,2.0
24,Cincinnati Bengals,CIN,-0.14300000000000002,,-0.11699999999999999,22,7-9,-0.069,22,0.05,21,-0.024,21,17,2017,,,-0.136,14.0,6.5,22.0,-0.013000000000000001,20.0,6.2,21.0,0.192,26.0
25,Chicago Bears,CHI,-0.17,,-0.11800000000000001,23,5-11,-0.15,28,-0.004,14,-0.024,23,17,2017,,,-0.201,25.0,5.7,25.0,0.076,1.0,6.2,23.0,0.14400000000000002,19.0
26,Houston Texans,HOU,-0.18,,-0.315,32,4-12,-0.10099999999999999,24,0.034,19,-0.045,26,17,2017,,,-0.195,28.0,5.4,27.0,0.009000000000000001,13.0,5.5,27.0,0.24100000000000002,30.0
27,New York Jets,NYJ,-0.192,,-0.151,25,5-11,-0.107,25,0.055999999999999994,22,-0.03,25,17,2017,,,-0.192,32.0,4.9,29.0,-0.005,19.0,5.6,26.0,0.10300000000000001,10.0
28,Miami Dolphins,MIA,-0.217,,-0.177,28,6-10,-0.136,27,0.107,28,0.026000000000000002,12,17,2017,,,-0.2,20.0,5.4,28.0,0.015,10.0,4.9,29.0,0.136,18.0
29,Denver Broncos,DEN,-0.22399999999999998,,-0.301,31,5-11,-0.187,31,-0.038,11,-0.07400000000000001,30,17,2017,,,-0.17300000000000001,15.0,5.5,26.0,-0.027000000000000003,25.0,5.4,28.0,0.205,29.0
30,Indianapolis Colts,IND,-0.239,,-0.152,26,4-12,-0.183,30,0.09300000000000001,27,0.037000000000000005,8,17,2017,,,-0.22899999999999998,23.0,4.2,30.0,-0.025,23.0,4.2,30.0,0.1,8.0
31,New York Giants,NYG,-0.245,,-0.217,29,3-13,-0.094,23,0.076,25,-0.075,32,17,2017,,,-0.266,8.0,4.1,31.0,0.035,6.0,4.0,31.0,0.11699999999999999,16.0
32,Cleveland Browns,CLE,-0.287,,-0.218,30,0-16,-0.201,32,0.034,20,-0.051,27,17,2017,,,-0.34299999999999997,31.0,3.1,32.0,0.018000000000000002,9.0,3.3,32.0,0.106,13.0
1,Kansas City Chiefs,KC,0.332,,0.294,1,12-4,0.354,1,0.077,27,0.055999999999999994,2,17,2018,,,0.318,10.0,13.0,1.0,-0.003,15.0,11.0,4.0,0.10800000000000001,9.0
2,New Orleans Saints,NO,0.252,,0.285,2,13-3,0.161,4,-0.073,8,0.017,9,17,2018,,,0.268,1.0,11.7,3.0,-0.006,16.0,11.5,2.0,0.11900000000000001,10.0
3,St. Louis Rams,LAR,0.239,,0.20800000000000002,5,13-3,0.25,2,0.01,16,-0.002,17,17,2018,,,0.287,3.0,12.5,2.0,-0.021,24.0,11.2,3.0,0.071,2.0
4,San Diego Chargers,LAC,0.221,,0.214,4,12-4,0.20800000000000002,3,-0.040999999999999995,10,-0.027999999999999997,25,17,2018,,,0.223,13.0,10.9,4.0,-0.006999999999999999,17.0,10.6,7.0,0.076,3.0
5,Chicago Bears,CHI,0.191,,0.201,6,12-4,-0.031,20,-0.254,1,-0.032,26,17,2018,,,0.228,25.0,10.6,6.0,-0.059000000000000004,31.0,11.6,1.0,0.12,11.0
6,Baltimore Ravens,BAL,0.158,,0.177,8,10-6,0.012,13,-0.11699999999999999,4,0.03,6,17,2018,,,0.132,7.0,10.8,5.0,0.01,10.0,10.8,5.0,0.152,17.0
7,New England Patriots,NE,0.135,,0.18600000000000003,7,11-5,0.147,5,0.013999999999999999,19,0.001,16,17,2018,,,0.14400000000000002,6.0,9.9,8.0,-0.024,27.0,10.8,6.0,0.159,20.0
8,Indianapolis Colts,IND,0.124,,0.223,3,10-6,0.079,10,-0.035,11,0.009000000000000001,12,17,2018,,,0.185,30.0,10.0,7.0,-0.067,32.0,10.3,9.0,0.153,18.0
9,Pittsburgh Steelers,PIT,0.113,,0.10800000000000001,11,9-6-2001,0.14300000000000002,6,-0.005,14,-0.035,27,17,2018,,,0.061,4.0,9.2,11.0,0.034,4.0,9.7,11.0,0.14300000000000002,15.0
10,Minnesota Vikings,MIN,0.105,,0.154,9,8-7-2001,-0.012,18,-0.126,3,-0.009000000000000001,19,17,2018,,,0.076,2.0,9.2,10.0,-0.024,26.0,8.5,12.0,0.092,5.0
11,Houston Texans,HOU,0.10400000000000001,,0.11199999999999999,10,11-5,-0.027999999999999997,19,-0.09699999999999999,5,0.035,5,17,2018,,,0.153,26.0,9.5,9.0,-0.042,30.0,10.3,8.0,0.064,1.0
12,Seattle Seahawks,SEA,0.059000000000000004,,0.048,15,10-6,0.091,8,0.01,17,-0.022000000000000002,24,17,2018,,,0.098,15.0,8.7,12.0,-0.015,20.0,10.1,10.0,0.102,7.0
13,Denver Broncos,DEN,0.055,,0.057,14,6-10,0.008,15,-0.08900000000000001,6,-0.042,31,17,2018,,,0.07200000000000001,29.0,8.6,13.0,0.025,6.0,7.4,18.0,0.20199999999999999,26.0
14,Carolina Panthers,CAR,0.003,,-0.031,21,7-9,0.06,11,0.055,23,-0.002,18,17,2018,,,0.045,9.0,7.7,17.0,0.001,14.0,7.8,16.0,0.198,25.0
15,Philadelphia Eagles,PHI,-0.01,,0.027000000000000003,16,9-7,-0.004,16,0.009000000000000001,15,0.002,15,17,2018,,,-0.017,5.0,7.8,15.0,0.003,12.0,8.5,13.0,0.14300000000000002,14.0
16,New York Giants,NYG,-0.012,,0.059000000000000004,13,5-11,0.011000000000000001,14,0.068,25,0.045,3,17,2018,,,-0.021,31.0,7.8,16.0,-0.02,23.0,6.9,22.0,0.156,19.0
17,Atlanta Falcons,ATL,-0.022000000000000002,,0.016,17,7-9,0.08900000000000001,9,0.125,30,0.013999999999999999,10,17,2018,,,0.011000000000000001,14.0,7.7,18.0,-0.02,22.0,7.8,17.0,0.09,4.0
18,Dallas Cowboys,DAL,-0.023,,0.001,18,10-6,-0.063,24,-0.06,9,-0.021,23,17,2018,,,0.024,11.0,7.3,21.0,-0.02,21.0,8.4,14.0,0.105,8.0
19,Cleveland Browns,CLE,-0.033,,0.076,12,7-8-2001,-0.006999999999999999,17,-0.016,13,-0.042,30,17,2018,,,-0.02,32.0,7.5,20.0,0.045,3.0,7.1,20.0,0.128,13.0
20,Green Bay Packers,GB,-0.044000000000000004,,-0.084,22,6-9-2001,0.11199999999999999,7,0.11599999999999999,29,-0.040999999999999995,29,17,2018,,,-0.068,17.0,7.8,14.0,-0.034,28.0,7.4,19.0,0.221,29.0
21,Tennessee Titans,TEN,-0.06,,-0.017,20,9-7,-0.055999999999999994,23,0.013000000000000001,18,0.008,13,17,2018,,,-0.042,18.0,7.5,19.0,0.001,13.0,8.2,15.0,0.193,24.0
22,Jacksonville Jaguars,JAX,-0.085,,-0.142,25,5-11,-0.217,30,-0.08800000000000001,7,0.044000000000000004,4,17,2018,,,-0.099,8.0,6.0,25.0,0.009000000000000001,11.0,5.7,26.0,0.10099999999999999,6.0
23,Detroit Lions,DET,-0.105,,-0.002,19,6-10,-0.052000000000000005,22,0.044000000000000004,21,-0.009000000000000001,20,17,2018,,,-0.10099999999999999,12.0,6.6,23.0,-0.013999999999999999,19.0,7.0,21.0,0.245,31.0
24,Cincinnati Bengals,CIN,-0.10800000000000001,,-0.196,27,6-10,-0.037000000000000005,21,0.09699999999999999,28,0.026000000000000002,7,17,2018,,,-0.14800000000000002,24.0,7.1,22.0,0.055,2.0,5.9,24.0,0.175,21.0
25,Tampa Bay Buccaneers,TB,-0.14400000000000002,,-0.124,24,5-11,0.059000000000000004,12,0.162,32,-0.040999999999999995,28,17,2018,,,-0.17800000000000002,23.0,5.4,28.0,0.02,7.0,6.4,23.0,0.127,12.0
26,New York Jets,NYJ,-0.17,,-0.19,26,4-12,-0.20199999999999999,29,0.049,22,0.081,1,17,2018,,,-0.196,27.0,5.6,27.0,-0.013000000000000001,18.0,5.3,28.0,0.21899999999999997,27.0
27,Miami Dolphins,MIA,-0.177,,-0.29600000000000004,31,7-9,-0.095,26,0.071,26,-0.011000000000000001,21,17,2018,,,-0.209,28.0,5.0,29.0,-0.035,29.0,5.1,29.0,0.22899999999999998,30.0
28,Buffalo Bills,BUF,-0.18600000000000003,,-0.08800000000000001,23,6-10,-0.275,31,-0.14,2,-0.051,32,17,2018,,,-0.21899999999999997,22.0,6.4,24.0,0.011000000000000001,9.0,5.0,30.0,0.253,32.0
29,Washington Redskins,WAS,-0.201,,-0.285,30,7-9,-0.198,28,0.027999999999999997,20,0.025,8,17,2018,,,-0.147,16.0,5.8,26.0,-0.022000000000000002,25.0,5.7,25.0,0.18,23.0
30,San Francisco 49ers,SF,-0.22,,-0.217,29,4-12,-0.158,27,0.065,24,0.003,14,17,2018,,,-0.24100000000000002,21.0,4.7,30.0,0.012,8.0,5.6,27.0,0.17800000000000002,22.0
31,Oakland Raiders,OAK,-0.23399999999999999,,-0.20800000000000002,28,4-12,-0.077,25,0.142,31,-0.016,22,17,2018,,,-0.302,20.0,4.3,31.0,0.062,1.0,3.7,31.0,0.22,28.0
32,Arizona Cardinals,ARI,-0.384,,-0.415,32,3-13,-0.418,32,-0.024,12,0.01,11,17,2018,,,-0.39799999999999996,19.0,2.7,32.0,0.027999999999999997,5.0,2.8,32.0,0.14300000000000002,16.0
1,Baltimore Ravens,BAL,0.41200000000000003,,0.48200000000000004,1,14-2,0.282,1,-0.115,5,0.015,9,17,2019,,,0.43799999999999994,6.0,12.9,2.0,-0.025,24.0,13.4,1.0,0.162,20.0
2,New Orleans Saints,NO,0.327,,0.42200000000000004,2,13-3,0.22,4,-0.071,8,0.036000000000000004,3,17,2019,,,0.361,2.0,13.3,1.0,-0.01,19.0,10.9,6.0,0.085,5.0
3,New England Patriots,NE,0.307,,0.195,5,12-4,0.043,11,-0.252,1,0.012,11,17,2019,,,0.34299999999999997,7.0,12.3,3.0,-0.066,32.0,13.1,2.0,0.134,14.0
4,Kansas City Chiefs,KC,0.301,,0.317,3,12-4,0.235,3,-0.026000000000000002,14,0.040999999999999995,2,17,2019,,,0.27399999999999997,1.0,12.0,5.0,0.001,16.0,11.6,4.0,0.08800000000000001,7.0
5,San Francisco 49ers,SF,0.29,,0.255,4,13-3,0.077,7,-0.203,2,0.01,12,17,2019,,,0.26899999999999996,30.0,12.1,4.0,0.008,11.0,12.0,3.0,0.138,17.0
6,Dallas Cowboys,DAL,0.19899999999999998,,0.142,8,8-8,0.245,2,0.006999999999999999,16,-0.039,30,17,2019,,,0.245,18.0,11.4,6.0,-0.033,27.0,10.9,5.0,0.11,10.0
7,Minnesota Vikings,MIN,0.179,,0.18100000000000002,6,10-6,0.048,10,-0.12300000000000001,4,0.008,14,17,2019,,,0.22,10.0,10.7,8.0,-0.012,21.0,10.8,7.0,0.07400000000000001,3.0
8,Seattle Seahawks,SEA,0.127,,0.10099999999999999,9,11-5,0.177,5,0.040999999999999995,21,-0.009000000000000001,20,17,2019,,,0.061,12.0,10.7,7.0,0.055,2.0,8.2,14.0,0.086,6.0
9,Green Bay Packers,GB,0.077,,0.054000000000000006,13,13-3,0.066,8,-0.009000000000000001,15,0.001,18,17,2019,,,0.071,20.0,9.9,9.0,-0.004,17.0,9.8,9.0,0.183,22.0
10,Tennessee Titans,TEN,0.076,,0.17600000000000002,7,9-7,0.13,6,0.019,18,-0.035,29,17,2019,,,0.142,21.0,9.1,10.0,-0.038,28.0,9.9,8.0,0.191,25.0
11,Philadelphia Eagles,PHI,0.055,,0.06,11,9-7,0.024,14,-0.031,12,0.0,19,17,2019,,,0.069,15.0,9.0,12.0,-0.032,26.0,8.8,11.0,0.193,26.0
12,St. Louis Rams,LAR,0.053,,0.047,14,9-7,0.006,16,-0.061,9,-0.015,23,17,2019,,,0.013999999999999999,3.0,9.1,11.0,0.06,1.0,8.8,12.0,0.209,29.0
13,Buffalo Bills,BUF,0.016,,0.07400000000000001,10,10-6,-0.071,21,-0.099,7,-0.012,21,17,2019,,,0.057,28.0,7.6,15.0,-0.049,31.0,9.8,10.0,0.113,11.0
14,Tampa Bay Buccaneers,TB,0.003,,0.055999999999999994,12,7-9,-0.07400000000000001,23,-0.105,6,-0.027999999999999997,27,17,2019,,,0.031,25.0,6.9,21.0,0.004,14.0,8.2,13.0,0.095,8.0
15,Atlanta Falcons,ATL,-0.019,,0.043,15,7-9,0.023,15,0.013999999999999999,17,-0.028999999999999998,28,17,2019,,,-0.063,17.0,7.9,13.0,0.038,5.0,7.5,19.0,0.136,15.0
16,Houston Texans,HOU,-0.022000000000000002,,-0.068,19,10-6,0.006,17,0.055999999999999994,22,0.028999999999999998,5,17,2019,,,-0.021,11.0,7.7,14.0,0.024,7.0,7.8,15.0,0.15,19.0
17,Arizona Cardinals,ARI,-0.031,,0.03,16,5-10-2001,0.032,13,0.04,20,-0.024,26,17,2019,,,-0.081,32.0,7.3,17.0,0.043,3.0,6.0,23.0,0.16399999999999998,21.0
18,Chicago Bears,CHI,-0.031,,-0.027999999999999997,17,8-8,-0.099,25,-0.057999999999999996,10,0.009000000000000001,13,17,2019,,,-0.075,5.0,7.6,16.0,0.032,6.0,7.4,20.0,0.071,2.0
19,Pittsburgh Steelers,PIT,-0.057999999999999996,,-0.06,18,8-8,-0.251,31,-0.17800000000000002,3,0.015,8,17,2019,,,-0.055999999999999994,9.0,7.3,18.0,0.006999999999999999,12.0,7.6,18.0,0.102,9.0
20,Indianapolis Colts,IND,-0.06,,-0.07400000000000001,20,7-9,-0.034,19,0.03,19,0.004,16,17,2019,,,-0.021,8.0,7.2,20.0,-0.044000000000000004,30.0,7.7,17.0,0.11699999999999999,12.0
21,Detroit Lions,DET,-0.081,,-0.152,25,3-12-2001,-0.03,18,0.065,23,0.013999999999999999,10,17,2019,,,-0.1,23.0,6.6,22.0,0.012,10.0,5.9,24.0,0.067,1.0
22,San Diego Chargers,LAC,-0.08900000000000001,,-0.075,21,5-11,0.035,12,0.07200000000000001,25,-0.051,32,17,2019,,,-0.069,4.0,5.5,27.0,-0.023,23.0,7.8,16.0,0.12,13.0
23,Denver Broncos,DEN,-0.10400000000000001,,-0.085,22,7-9,-0.113,26,-0.027999999999999997,13,-0.019,24,17,2019,,,-0.07200000000000001,13.0,6.4,23.0,0.001,15.0,6.9,21.0,0.13699999999999998,16.0
24,Cleveland Browns,CLE,-0.106,,-0.139,24,6-10,-0.048,20,0.066,24,0.008,15,17,2019,,,-0.159,19.0,6.1,26.0,0.02,9.0,6.4,22.0,0.19399999999999998,27.0
25,Oakland Raiders,OAK,-0.127,,-0.166,26,7-9,0.054000000000000006,9,0.158,31,-0.023,25,17,2019,,,-0.11599999999999999,31.0,7.2,19.0,-0.018000000000000002,22.0,5.2,28.0,0.19399999999999998,28.0
26,New York Jets,NYJ,-0.177,,-0.105,23,7-9,-0.254,32,-0.042,11,0.034,4,17,2019,,,-0.13699999999999998,26.0,6.2,25.0,-0.043,29.0,5.6,25.0,0.267,32.0
27,New York Giants,NYG,-0.18600000000000003,,-0.16699999999999998,27,4-12,-0.07400000000000001,22,0.115,28,0.003,17,17,2019,,,-0.191,16.0,3.8,31.0,-0.01,20.0,5.3,27.0,0.077,4.0
28,Jacksonville Jaguars,JAX,-0.19399999999999998,,-0.29600000000000004,31,6-10,-0.099,24,0.12300000000000001,29,0.027000000000000003,6,17,2019,,,-0.174,22.0,6.4,24.0,-0.027000000000000003,25.0,5.3,26.0,0.226,31.0
29,Carolina Panthers,CAR,-0.265,,-0.405,32,5-11,-0.14400000000000002,27,0.08,26,-0.040999999999999995,31,17,2019,,,-0.298,14.0,4.0,30.0,0.042,4.0,4.9,29.0,0.21100000000000002,30.0
30,Washington Redskins,WAS,-0.26899999999999996,,-0.272,30,3-13,-0.207,30,0.08900000000000001,27,0.027000000000000003,7,17,2019,,,-0.254,29.0,4.4,28.0,0.004,13.0,3.7,31.0,0.19,24.0
31,Cincinnati Bengals,CIN,-0.276,,-0.209,28,2-14,-0.166,29,0.156,30,0.046,1,17,2019,,,-0.317,24.0,4.0,29.0,0.023,8.0,4.3,30.0,0.14,18.0
32,Miami Dolphins,MIA,-0.38799999999999996,,-0.268,29,5-11,-0.145,28,0.23,32,-0.013000000000000001,22,17,2019,,,-0.385,27.0,3.0,32.0,-0.006,18.0,3.6,32.0,0.184,23.0
1,New Orleans Saints,NO,0.317,7.0,0.254,1,6-2,0.134,6,-0.134,7,0.049,5,9,2020,,,0.298,,6.7,4.0,0.063,8.0,,,0.201,29.0
2,Tampa Bay Buccaneers,TB,0.276,1.0,0.209,3,6-3,0.061,13,-0.21600000000000003,1,-0.001,16,9,2020,,,0.271,,6.8,3.0,0.031,10.0,,,0.35700000000000004,32.0
3,Kansas City Chiefs,KC,0.256,4.0,0.251,2,8-1,0.249,1,-0.017,13,-0.01,21,9,2020,,,0.298,,7.4,1.0,-0.077,30.0,,,0.05,5.0
4,Pittsburgh Steelers,PIT,0.252,2.0,0.183,5,8-0,0.02,15,-0.215,2,0.017,11,9,2020,,,0.35600000000000004,,6.8,2.0,-0.079,31.0,,,0.08199999999999999,12.0
5,Baltimore Ravens,BAL,0.245,3.0,0.185,4,6-2,-0.033,23,-0.17,5,0.10800000000000001,1,9,2020,,,0.28300000000000003,,5.8,7.0,0.0,14.0,,,0.14800000000000002,21.0
6,Indianapolis Colts,IND,0.21600000000000003,5.0,0.164,6,5-3,-0.03,22,-0.201,3,0.045,6,9,2020,,,0.28,,5.5,10.0,-0.09300000000000001,32.0,,,0.113,17.0
7,Green Bay Packers,GB,0.198,8.0,0.116,8,6-2,0.24600000000000002,2,0.059000000000000004,21,0.01,13,9,2020,,,0.14800000000000002,,6.3,5.0,0.067,7.0,,,0.14400000000000002,20.0
8,Seattle Seahawks,SEA,0.163,6.0,0.129,7,6-2,0.18100000000000002,4,0.068,24,0.05,4,9,2020,,,0.18600000000000003,,6.2,6.0,-0.01,20.0,,,0.07200000000000001,11.0
9,St. Louis Rams,LAR,0.12300000000000001,10.0,0.103,9,5-3,0.135,5,-0.061,8,-0.073,31,9,2020,,,0.21,,5.3,12.0,-0.06,29.0,,,0.17300000000000001,24.0
10,Miami Dolphins,MIA,0.12300000000000001,9.0,0.008,15,5-3,0.0,18,-0.016,14,0.107,2,9,2020,,,0.193,,5.0,14.0,-0.038,25.0,,,0.195,27.0
11,Arizona Cardinals,ARI,0.099,11.0,0.064,11,5-3,0.084,9,-0.03,10,-0.015,23,9,2020,,,0.183,,5.5,9.0,-0.055,28.0,,,0.069,9.0
12,Tennessee Titans,TEN,0.08900000000000001,13.0,0.082,10,6-2,0.20199999999999999,3,0.043,18,-0.07,30,9,2020,,,0.125,,5.1,13.0,-0.048,27.0,,,0.069,10.0
13,Buffalo Bills,BUF,0.069,14.0,0.059,12,7-2,0.084,10,0.042,17,0.027000000000000003,8,9,2020,,,0.107,,5.7,8.0,-0.032,24.0,,,0.134,19.0
14,Minnesota Vikings,MIN,0.057,15.0,0.028,14,3-5,0.099,7,-0.009000000000000001,15,-0.051,28,9,2020,,,-0.005,,5.4,11.0,0.081,2.0,,,0.113,18.0
15,San Francisco 49ers,SF,0.046,12.0,0.029,13,4-5,0.018000000000000002,16,-0.017,12,0.011000000000000001,12,9,2020,,,0.065,,4.8,15.0,-0.027000000000000003,23.0,,,0.257,30.0
16,Carolina Panthers,CAR,0.009000000000000001,16.0,-0.037,19,3-6,0.096,8,0.081,26,-0.005,18,9,2020,,,-0.027000000000000003,,3.8,20.0,0.069,6.0,,,0.063,8.0
17,Chicago Bears,CHI,-0.026000000000000002,18.0,-0.017,16,5-4,-0.187,28,-0.171,4,-0.011000000000000001,22,9,2020,,,-0.044000000000000004,,3.9,18.0,0.079,3.0,,,0.035,2.0
18,Houston Texans,HOU,-0.065,20.0,-0.044,20,2-6,0.025,14,0.09,27,0.0,14,9,2020,,,-0.083,,3.3,22.0,0.081,1.0,,,0.044000000000000004,4.0
19,San Diego Chargers,LAC,-0.068,19.0,-0.044,21,2-6,0.066,11,0.028999999999999998,16,-0.106,32,9,2020,,,-0.044000000000000004,,3.2,24.0,0.013000000000000001,12.0,,,0.027999999999999997,1.0
20,Atlanta Falcons,ATL,-0.075,23.0,-0.026,17,3-6,-0.008,20,0.057999999999999996,20,-0.009000000000000001,19,9,2020,,,-0.03,,3.8,19.0,-0.01,18.0,,,0.053,6.0
21,Detroit Lions,DET,-0.078,17.0,-0.034,18,3-5,-0.002,19,0.075,25,-0.001,15,9,2020,,,-0.128,,4.0,17.0,0.07,4.0,,,0.084,13.0
22,Oakland Raiders,LV,-0.084,24.0,-0.066,22,5-3,0.063,12,0.14300000000000002,30,-0.004,17,9,2020,,,-0.14400000000000002,,3.7,21.0,0.07,5.0,,,0.087,14.0
23,Cleveland Browns,CLE,-0.105,22.0,-0.069,23,5-3,0.002,17,0.05,19,-0.057,29,9,2020,,,-0.044000000000000004,,4.4,16.0,-0.02,22.0,,,0.305,31.0
24,Washington Redskins,WAS,-0.121,21.0,-0.152,27,2-6,-0.244,31,-0.146,6,-0.024,24,9,2020,,,-0.128,,3.2,23.0,-0.047,26.0,,,0.162,22.0
25,New York Giants,NYG,-0.166,27.0,-0.124,25,2-7,-0.161,26,0.061,22,0.055,3,9,2020,,,-0.184,,3.1,25.0,0.002,13.0,,,0.08800000000000001,15.0
26,New England Patriots,NE,-0.19699999999999998,26.0,-0.131,26,3-5,-0.085,24,0.152,31,0.04,7,9,2020,,,-0.155,,2.7,27.0,-0.003,15.0,,,0.19399999999999998,26.0
27,Dallas Cowboys,DAL,-0.203,30.0,-0.172,29,2-7,-0.166,27,0.064,23,0.027000000000000003,9,9,2020,,,-0.221,,3.0,26.0,-0.004,16.0,,,0.19899999999999998,28.0
28,Philadelphia Eagles,PHI,-0.205,28.0,-0.075,24,3-4-2001,-0.221,30,-0.026000000000000002,11,-0.01,20,9,2020,,,-0.151,,2.4,30.0,-0.006999999999999999,17.0,,,0.043,3.0
29,Denver Broncos,DEN,-0.217,25.0,-0.161,28,3-5,-0.221,29,-0.038,9,-0.035,26,9,2020,,,-0.188,,2.6,28.0,0.019,11.0,,,0.099,16.0
30,Jacksonville Jaguars,JAX,-0.222,31.0,-0.188,30,1-7,-0.013000000000000001,21,0.184,32,-0.026000000000000002,25,9,2020,,,-0.192,,2.3,31.0,-0.01,19.0,,,0.185,25.0
31,Cincinnati Bengals,CIN,-0.231,29.0,-0.189,31,2-5-2001,-0.141,25,0.111,29,0.021,10,9,2020,,,-0.22399999999999998,,2.4,29.0,-0.02,21.0,,,0.054000000000000006,7.0
32,New York Jets,NYJ,-0.381,32.0,-0.298,32,0-9,-0.247,32,0.09699999999999999,28,-0.037000000000000005,27,9,2020,,,-0.451,,1.1,32.0,0.051,9.0,,,0.166,23.0
