,Pts,FPI
0,24.0,-2.0
1,37.0,-2.0
2,18.0,-2.0
3,18.0,-2.0
4,45.0,-2.0
5,35.0,-2.0
6,32.0,-2.0
7,30.0,-1.4
8,35.0,-1.4
9,16.0,-1.4
10,27.0,-1.4
11,27.0,-1.4
12,24.0,-1.4
13,25.0,-1.4
14,18.0,-1.4
15,24.0,4.1
16,33.0,4.1
17,24.0,4.1
18,28.0,4.1
19,36.0,4.1
20,27.0,4.1
21,34.0,4.1
22,16.0,4.1
23,31.0,4.1
24,31.0,4.1
25,37.0,4.1
26,24.0,4.1
27,20.0,-3.9
28,26.0,-3.9
29,31.0,-3.9
30,27.0,-3.9
31,52.0,-3.9
32,24.0,-3.9
33,38.0,-3.9
34,20.0,-2.6
35,17.0,-2.6
36,38.0,-2.6
37,44.0,-2.6
38,20.0,-2.6
39,15.0,-2.6
40,30.0,-0.2
41,19.0,-0.2
42,31.0,-0.2
43,20.0,-0.2
44,10.0,-0.2
45,24.0,-0.2
46,24.0,-0.2
47,16.0,-0.2
48,34.0,-0.2
49,28.0,7.1
50,18.0,7.1
51,43.0,7.1
52,12.0,7.1
53,24.0,7.1
54,25.0,7.1
55,38.0,7.1
56,30.0,7.1
57,45.0,7.1
58,33.0,7.1
59,34.0,7.1
60,22.0,1.7
61,27.0,1.7
62,41.0,1.7
63,14.0,1.7
64,33.0,1.7
65,22.0,1.7
66,30.0,1.7
67,16.0,1.7
68,34.0,-2.8
69,24.0,-2.8
70,23.0,-2.8
71,31.0,-2.8
72,47.0,-2.8
73,20.0,-2.8
74,24.0,-2.8
75,35.0,-2.8
76,38.0,-2.8
77,35.0,-1.6
78,24.0,-1.6
79,39.0,-1.6
80,27.0,-1.6
81,33.0,-1.6
82,35.0,-1.6
83,23.0,-1.6
84,27.0,5.9
85,23.0,5.9
86,20.0,5.9
87,24.0,5.9
88,19.0,5.9
89,31.0,5.9
90,24.0,5.9
91,23.0,5.9
92,16.0,5.9
93,26.0,5.9
94,29.0,5.9
95,17.0,5.9
96,30.0,5.9
97,17.0,5.9
98,20.0,5.9
99,19.0,-8.3
100,20.0,-8.3
101,25.0,-8.3
102,17.0,-8.3
103,26.0,-8.3
104,38.0,7.9
105,31.0,7.9
106,49.0,7.9
107,20.0,7.9
108,24.0,7.9
109,27.0,7.9
110,37.0,7.9
111,27.0,7.9
112,27.0,7.9
113,29.0,7.9
114,37.0,7.9
115,27.0,7.9
116,44.0,7.9
117,33.0,7.9
118,41.0,7.9
119,38.0,7.9
120,38.0,7.9
121,36.0,8.8
122,10.0,8.8
123,26.0,8.8
124,13.0,8.8
125,20.0,8.8
126,13.0,8.8
127,29.0,8.8
128,39.0,8.8
129,38.0,8.8
130,35.0,8.8
131,30.0,8.8
132,23.0,6.8
133,30.0,6.8
134,27.0,6.8
135,23.0,6.8
136,45.0,6.8
137,29.0,6.8
138,33.0,6.8
139,30.0,6.8
140,34.0,6.8
141,10.0,6.8
142,34.0,6.8
143,17.0,6.8
144,20.0,2.8
145,26.0,2.8
146,31.0,2.8
147,16.0,2.8
148,28.0,2.8
149,23.0,2.8
150,21.0,2.8
151,30.0,2.8
152,20.0,2.8
153,38.0,2.8
154,49.0,2.8
155,35.0,3.6
156,31.0,3.6
157,27.0,3.6
158,38.0,3.6
159,17.0,3.6
160,24.0,3.6
161,27.0,3.6
162,30.0,3.6
163,27.0,3.6
164,28.0,3.6
165,30.0,3.6
166,27.0,7.2
167,28.0,7.2
168,40.0,7.2
169,51.0,7.2
170,30.0,7.2
171,34.0,7.2
172,30.0,7.2
173,36.0,7.2
174,27.0,7.2
175,27.0,7.2
176,20.0,7.2
177,27.0,7.2
178,33.0,7.2
179,26.0,8.3
180,31.0,8.3
181,48.0,8.3
182,47.0,8.3
183,42.0,8.3
184,26.0,8.3
185,34.0,8.3
186,39.0,8.3
187,34.0,8.3
188,19.0,8.3
189,27.0,8.3
190,23.0,8.3
191,40.0,8.3
192,38.0,8.3
193,34.0,-3.8
194,24.0,-3.8
195,24.0,-3.8
196,27.0,-3.8
197,21.0,-3.8
198,31.0,-3.8
199,23.0,-3.8
200,31.0,3.6
201,20.0,3.6
202,27.0,3.6
203,34.0,3.6
204,28.0,3.6
205,38.0,3.6
206,23.0,3.6
207,30.0,3.6
208,19.0,3.6
209,26.0,3.6
210,33.0,-2.6
211,30.0,-2.6
212,31.0,-2.6
213,30.0,-2.6
214,42.0,-8.2
215,34.0,-8.2
216,42.0,-8.2
217,27.0,-4.2
218,20.0,-4.2
219,24.0,-4.2
220,19.0,-4.2
221,26.0,-2.1
222,24.0,-2.1
223,39.0,-2.1
224,48.0,-2.1
225,25.0,-2.1
226,10.0,-2.1
227,23.0,-2.1
228,20.0,-2.1
229,28.0,-6.7
230,33.0,-6.7
231,24.0,-6.7
232,26.0,-3.2
233,38.0,-3.2
234,23.0,-3.2
235,10.0,-3.2
236,45.0,-3.2
237,23.0,-3.2
238,23.0,-4.6
239,34.0,-4.6
240,22.0,-4.6
241,19.0,-4.6
242,51.0,-4.6
243,37.0,-2.2
244,27.0,-2.2
245,37.0,-2.2
246,34.0,-2.2
247,24.0,-2.2
248,15.0,-2.2
249,23.0,-2.2
250,32.0,-2.1
251,24.0,-2.1
252,30.0,-2.1
253,27.0,-2.1
254,32.0,-2.1
255,31.0,-2.1
256,23.0,-2.6
257,29.0,-2.6
258,16.0,-2.6
259,33.0,-2.6
260,20.0,-2.6
261,22.0,-2.6
262,18.0,-2.6
263,22.0,-2.6
264,37.0,-2.6
265,17.0,-2.6
266,26.0,-2.6
267,27.0,3.8
268,30.0,3.8
269,18.0,3.8
270,38.0,3.8
271,24.0,3.8
272,43.0,3.8
273,31.0,3.8
274,24.0,3.8
275,28.0,3.8
276,24.0,3.8
277,27.0,3.8
278,24.0,3.8
279,31.0,3.8
280,38.0,1.7
281,25.0,1.7
282,17.0,1.7
283,22.0,1.7
284,24.0,1.7
285,31.0,1.7
286,30.0,1.7
287,25.0,1.7
288,24.0,-2.6
289,16.0,-2.6
290,30.0,-2.6
291,28.0,-2.6
292,36.0,-2.6
293,47.0,-2.6
294,27.0,-2.6
295,13.0,-2.6
296,19.0,-2.6
297,24.0,0.7
298,26.0,0.7
299,29.0,0.7
300,34.0,0.7
301,31.0,0.7
302,24.0,0.7
303,41.0,0.7
304,34.0,0.7
305,27.0,1.6
306,23.0,1.6
307,22.0,1.6
308,31.0,1.6
309,32.0,1.6
310,23.0,1.6
311,27.0,0.0
312,29.0,0.0
313,29.0,0.0
314,34.0,0.0
315,21.0,0.0
316,24.0,0.0
317,24.0,0.0
318,17.0,-0.7
319,31.0,-0.7
320,17.0,-0.7
321,34.0,-0.7
322,36.0,-0.7
323,19.0,-0.7
324,14.0,-0.7
325,28.0,-0.7
326,16.0,-0.7
327,35.0,10.0
328,34.0,10.0
329,36.0,10.0
330,34.0,10.0
331,23.0,10.0
332,31.0,10.0
333,27.0,10.0
334,33.0,10.0
335,35.0,10.0
336,27.0,10.0
337,41.0,10.0
338,30.0,10.0
339,22.0,10.0
340,26.0,10.0
341,30.0,10.0
342,16.0,10.0
343,41.0,10.0
344,30.0,-6.4
345,37.0,-6.4
346,24.0,-6.4
347,31.0,-6.4
348,23.0,-6.4
349,24.0,4.0
350,21.0,4.0
351,34.0,4.0
352,29.0,4.0
353,27.0,4.0
354,27.0,4.0
355,27.0,4.0
356,25.0,4.0
357,20.0,4.0
358,37.0,3.5
359,33.0,3.5
360,24.0,3.5
361,26.0,3.5
362,27.0,3.5
363,30.0,3.5
364,19.0,3.5
365,20.0,3.5
366,30.0,3.5
367,29.0,3.5
368,21.0,3.5
369,33.0,3.5
370,38.0,7.8
371,36.0,7.8
372,44.0,7.8
373,35.0,7.8
374,45.0,7.8
375,48.0,7.8
376,23.0,7.8
377,33.0,7.8
378,43.0,7.8
379,38.0,7.8
380,42.0,7.8
381,41.0,7.8
382,33.0,7.8
383,19.0,-0.3
384,20.0,-0.3
385,16.0,-0.3
386,27.0,-0.3
387,17.0,-0.3
388,28.0,-0.3
389,21.0,-0.3
390,22.0,-0.3
391,27.0,-0.3
392,10.0,-0.3
393,17.0,-0.3
394,25.0,4.1
395,26.0,4.1
396,12.0,4.1
397,37.0,4.1
398,27.0,4.1
399,26.0,4.1
400,6.0,4.1
401,31.0,4.1
402,31.0,4.1
403,26.0,4.1
404,40.0,4.1
405,24.0,4.1
406,44.0,3.6
407,40.0,3.6
408,33.0,3.6
409,28.0,3.6
410,23.0,3.6
411,31.0,3.6
412,34.0,3.6
413,31.0,4.4
414,38.0,4.4
415,34.0,4.4
416,27.0,4.4
417,34.0,4.4
418,23.0,4.4
419,26.0,4.4
420,27.0,4.4
421,21.0,4.4
422,38.0,4.4
423,30.0,4.4
424,38.0,4.4
425,27.0,-1.2
426,23.0,-1.2
427,19.0,-1.2
428,27.0,-1.2
429,26.0,-1.2
430,20.0,-1.2
431,24.0,-1.2
432,22.0,-1.2
433,21.0,-1.2
434,12.0,-1.2
435,13.0,-0.4
436,25.0,-0.4
437,19.0,-0.4
438,21.0,-0.4
439,28.0,-0.4
440,19.0,-0.4
441,38.0,-0.4
442,27.0,-0.4
443,35.0,-0.1
444,17.0,-0.1
445,28.0,-0.1
446,34.0,-0.1
447,33.0,-0.1
448,30.0,-0.1
449,30.0,-0.1
450,27.0,-0.1
451,35.0,-0.1
452,38.0,-0.1
453,19.0,-0.1
454,33.0,-0.1
455,39.0,-3.3
456,24.0,-3.3
457,31.0,-3.3
458,20.0,-3.3
459,22.0,-3.3
460,26.0,-3.3
461,16.0,-3.3
462,28.0,-3.3
463,20.0,-3.3
464,28.0,-6.2
465,22.0,-6.2
466,46.0,0.8
467,30.0,0.8
468,13.0,0.8
469,23.0,0.8
470,28.0,0.8
471,26.0,0.8
472,27.0,4.3
473,31.0,4.3
474,24.0,4.3
475,28.0,4.3
476,30.0,4.3
477,29.0,4.3
478,35.0,4.3
479,35.0,4.3
480,27.0,4.3
481,31.0,4.3
482,17.0,4.3
483,26.0,4.3
484,42.0,4.3
485,9.0,-10.2
486,37.0,-10.2
487,17.0,-10.2
488,9.0,-10.2
489,38.0,0.5
490,21.0,0.5
491,33.0,0.5
492,43.0,0.5
493,21.0,0.5
494,33.0,-0.8
495,16.0,-0.8
496,30.0,-0.8
497,45.0,-0.8
498,16.0,-0.8
499,28.0,-0.8
500,33.0,-0.8
501,30.0,-2.9
502,30.0,-2.9
503,28.0,-2.9
504,27.0,-2.9
505,31.0,-2.9
506,14.0,-2.9
507,31.0,-2.9
508,26.0,-2.9
509,34.0,-2.9
510,34.0,-2.9
511,29.0,1.0
512,31.0,1.0
513,16.0,1.0
514,27.0,1.0
515,27.0,1.0
516,26.0,1.0
517,42.0,1.0
518,27.0,1.0
519,41.0,1.0
520,30.0,-3.1
521,17.0,-3.1
522,38.0,-3.1
523,17.0,-5.8
524,20.0,-5.8
525,26.0,-5.8
526,35.0,1.9
527,41.0,1.9
528,25.0,1.9
529,41.0,1.9
530,49.0,1.9
531,48.0,1.9
532,31.0,1.9
533,20.0,-9.7
534,22.0,-2.2
535,37.0,-2.2
536,33.0,-2.2
537,36.0,-2.2
538,12.0,-2.2
539,23.0,-2.2
540,24.0,-2.2
541,20.0,-2.2
542,24.0,-2.2
543,15.0,-2.2
544,26.0,4.5
545,23.0,4.5
546,34.0,4.5
547,30.0,4.5
548,25.0,4.5
549,27.0,4.5
550,34.0,4.5
551,34.0,4.5
552,20.0,4.5
553,24.0,4.5
554,22.0,4.5
555,10.0,4.0
556,45.0,4.0
557,29.0,4.0
558,44.0,4.0
559,30.0,4.0
560,27.0,4.0
561,23.0,4.0
562,20.0,4.0
563,19.0,4.0
564,30.0,4.0
565,30.0,4.0
566,45.0,4.0
567,31.0,6.7
568,34.0,6.7
569,20.0,6.7
570,52.0,6.7
571,26.0,6.7
572,20.0,6.7
573,30.0,6.7
574,47.0,6.7
575,34.0,6.7
576,31.0,6.7
577,31.0,6.7
578,23.0,6.7
579,15.0,8.1
580,38.0,8.1
581,41.0,8.1
582,30.0,8.1
583,27.0,8.1
584,26.0,8.1
585,34.0,8.1
586,28.0,8.1
587,34.0,8.1
588,33.0,8.1
589,51.0,8.1
590,37.0,8.1
591,31.0,8.1
592,43.0,8.1
593,34.0,8.1
594,19.0,8.1
595,35.0,8.7
596,24.0,8.7
597,36.0,8.7
598,36.0,8.7
599,19.0,8.7
600,24.0,8.7
601,23.0,8.7
602,21.0,8.7
603,41.0,8.7
604,33.0,8.7
605,35.0,8.7
606,23.0,8.7
607,27.0,8.7
608,37.0,8.7
609,26.0,8.7
610,29.0,6.0
611,29.0,6.0
612,34.0,6.0
613,20.0,6.0
614,23.0,6.0
615,24.0,6.0
616,33.0,6.0
617,38.0,6.0
618,24.0,6.0
619,30.0,6.0
620,14.0,6.0
621,34.0,6.0
622,16.0,6.0
623,23.0,6.0
624,42.0,3.1
625,27.0,3.1
626,24.0,3.1
627,29.0,3.1
628,42.0,3.1
629,29.0,3.1
630,26.0,3.1
631,30.0,3.1
632,29.0,3.1
633,27.0,3.1
634,26.0,-1.2
635,45.0,-1.2
636,31.0,-1.2
637,27.0,-1.2
638,21.0,-1.2
639,24.0,-1.2
640,21.0,-4.4
641,26.0,-4.4
642,23.0,-4.4
643,30.0,-4.4
644,34.0,-4.4
645,16.0,-4.4
646,13.0,-4.4
647,24.0,-4.4
648,22.0,-4.4
649,21.0,5.5
650,26.0,5.5
651,26.0,5.5
652,19.0,5.5
653,29.0,5.5
654,20.0,5.5
655,20.0,5.5
656,40.0,5.5
657,31.0,5.5
658,23.0,5.5
659,39.0,5.5
660,34.0,5.5
661,28.0,5.5
662,20.0,1.9
663,24.0,1.9
664,30.0,1.9
665,40.0,1.9
666,23.0,1.9
667,23.0,1.9
668,44.0,1.9
669,27.0,1.9
670,23.0,1.9
671,35.0,1.0
672,24.0,1.0
673,14.0,1.0
674,30.0,1.0
675,38.0,1.0
676,27.0,1.0
677,24.0,1.0
678,20.0,1.0
679,35.0,1.0
680,46.0,3.9
681,41.0,3.9
682,35.0,3.9
683,27.0,3.9
684,33.0,3.9
685,51.0,3.9
686,33.0,3.9
687,26.0,3.9
688,32.0,3.9
689,42.0,3.9
690,27.0,3.9
691,23.0,3.6
692,9.0,3.6
693,33.0,3.6
694,27.0,3.6
695,17.0,3.6
696,20.0,3.6
697,45.0,3.6
698,35.0,3.6
699,31.0,3.6
700,31.0,3.6
701,22.0,3.6
702,17.0,-2.8
703,27.0,-2.8
704,35.0,-2.8
705,35.0,-2.8
706,23.0,-2.8
707,26.0,-2.8
708,27.0,-2.8
709,19.0,2.9
710,28.0,2.9
711,40.0,2.9
712,33.0,2.9
713,28.0,2.9
714,38.0,2.9
715,30.0,2.9
716,20.0,2.9
717,6.0,2.9
718,24.0,-4.3
719,42.0,-4.3
720,16.0,-4.3
721,23.0,-4.3
722,25.0,-4.3
723,13.0,-5.7
724,57.0,-5.7
725,33.0,-5.7
726,31.0,-5.7
727,16.0,-4.9
728,18.0,-4.9
729,38.0,-4.9
730,20.0,-4.9
731,27.0,-4.9
732,12.0,-4.9
733,23.0,-4.9
734,26.0,-4.9
735,29.0,0.1
736,25.0,0.1
737,15.0,0.1
738,30.0,0.1
739,31.0,0.1
740,19.0,-5.0
741,16.0,-5.0
742,20.0,-5.0
743,31.0,-5.0
744,35.0,-5.0
745,27.0,-5.0
746,12.0,4.1
747,46.0,4.1
748,16.0,4.1
749,24.0,4.1
750,41.0,4.1
751,22.0,4.1
752,24.0,4.1
753,24.0,4.1
754,21.0,4.1
755,27.0,1.0
756,27.0,1.0
757,26.0,1.0
758,17.0,1.0
759,20.0,1.0
760,20.0,1.0
761,27.0,1.0
762,20.0,-7.3
763,23.0,-7.3
764,17.0,-7.3
765,34.0,-7.3
766,38.0,-7.3
767,31.0,-10.3
768,26.0,-10.3
769,20.0,-10.3
770,22.0,-10.3
771,23.0,-5.0
772,27.0,-5.0
773,17.0,-5.0
774,33.0,-5.0
775,20.0,-5.0
776,31.0,-3.7
777,20.0,-3.7
778,24.0,-3.7
779,20.0,-3.7
780,30.0,-3.7
781,26.0,-3.7
782,31.0,-3.7
783,27.0,6.1
784,17.0,6.1
785,21.0,6.1
786,54.0,6.1
787,28.0,6.1
788,19.0,6.1
789,30.0,6.1
790,14.0,6.1
791,30.0,6.1
792,23.0,-2.6
793,12.0,-2.6
794,18.0,-2.6
795,31.0,-3.0
796,15.0,-3.0
797,26.0,-3.0
798,25.0,-3.0
799,44.0,-3.0
800,34.0,-3.0
801,21.0,4.2
802,21.0,4.2
803,37.0,4.2
804,42.0,4.2
805,29.0,4.2
806,38.0,4.2
807,27.0,4.2
808,24.0,4.2
809,23.0,4.2
810,28.0,4.2
811,33.0,4.2
812,24.0,2.8
813,20.0,2.8
814,26.0,2.8
815,40.0,2.8
816,27.0,2.8
817,22.0,2.8
818,31.0,2.8
819,13.0,2.8
820,29.0,2.8
821,27.0,2.8
822,36.0,2.8
823,23.0,6.8
824,31.0,6.8
825,29.0,6.8
826,26.0,6.8
827,38.0,6.8
828,20.0,6.8
829,25.0,6.8
830,20.0,6.8
831,45.0,6.8
832,33.0,6.8
833,26.0,6.8
834,29.0,6.8
835,23.0,6.8
836,16.0,2.6
837,18.0,2.6
838,20.0,2.6
839,34.0,2.6
840,24.0,2.6
841,25.0,2.6
842,28.0,2.6
843,30.0,2.6
844,32.0,2.6
845,24.0,2.6
846,31.0,8.5
847,38.0,8.5
848,42.0,8.5
849,38.0,8.5
850,27.0,8.5
851,30.0,8.5
852,45.0,8.5
853,30.0,8.5
854,37.0,8.5
855,26.0,8.5
856,40.0,8.5
857,27.0,8.5
858,35.0,8.5
859,30.0,7.4
860,26.0,7.4
861,33.0,7.4
862,34.0,7.4
863,35.0,7.4
864,38.0,7.4
865,33.0,7.4
866,23.0,7.4
867,39.0,7.4
868,29.0,7.4
869,36.0,7.4
870,54.0,7.4
871,30.0,7.4
872,31.0,7.4
873,48.0,7.4
874,41.0,6.9
875,37.0,6.9
876,13.0,6.9
877,27.0,6.9
878,38.0,6.9
879,38.0,6.9
880,43.0,6.9
881,38.0,6.9
882,25.0,6.9
883,31.0,6.9
884,27.0,6.9
885,24.0,6.9
886,24.0,6.9
887,38.0,6.9
888,20.0,7.9
889,21.0,7.9
890,43.0,7.9
891,33.0,7.9
892,43.0,7.9
893,24.0,7.9
894,30.0,7.9
895,45.0,7.9
896,51.0,7.9
897,48.0,7.9
898,31.0,7.9
899,28.0,7.9
900,12.0,7.9
901,31.0,7.9
902,48.0,-1.3
903,27.0,-1.3
904,26.0,-1.3
905,27.0,-1.3
906,24.0,-1.3
907,24.0,2.7
908,29.0,2.7
909,23.0,2.7
910,27.0,2.7
911,37.0,2.7
912,24.0,2.7
913,24.0,2.7
914,41.0,2.7
915,27.0,2.7
916,27.0,-8.3
917,20.0,-8.3
918,28.0,-8.3
919,31.0,-8.3
920,13.0,-8.3
921,21.0,-8.3
922,34.0,-8.3
923,20.0,-2.1
924,31.0,-2.1
925,31.0,-2.1
926,6.0,-2.1
927,17.0,-2.1
928,21.0,5.5
929,30.0,5.5
930,41.0,5.5
931,28.0,5.5
932,33.0,5.5
933,23.0,5.5
934,52.0,5.5
935,20.0,5.5
936,17.0,5.5
937,16.0,5.5
938,34.0,-5.1
939,34.0,-5.1
940,37.0,-5.1
941,27.0,-5.1
942,37.0,-5.1
943,30.0,-5.1
944,47.0,2.6
945,27.0,2.6
946,26.0,2.6
947,21.0,2.6
948,24.0,2.6
949,34.0,2.6
950,26.0,2.6
951,20.0,2.6
952,22.0,2.6
953,26.0,2.6
954,16.0,-1.6
955,31.0,-1.6
956,33.0,-1.6
957,21.0,-1.6
958,36.0,-1.6
959,42.0,-1.6
960,33.0,-1.6
961,24.0,-5.8
962,31.0,-5.8
963,23.0,-5.8
964,20.0,-5.8
965,20.0,-5.8
966,16.0,-5.8
967,16.0,-5.8
968,27.0,-0.6
969,20.0,-0.6
970,45.0,-0.6
971,23.0,-0.6
972,24.0,-0.6
973,24.0,-0.6
974,24.0,2.2
975,22.0,2.2
976,33.0,2.2
977,31.0,2.2
978,34.0,2.2
979,44.0,2.2
980,48.0,-8.5
981,34.0,-8.5
982,42.0,-8.5
983,27.0,-8.5
984,31.0,2.7
985,34.0,2.7
986,23.0,2.7
987,38.0,2.7
988,40.0,2.7
989,24.0,2.7
990,34.0,2.7
991,20.0,-2.8
992,9.0,-2.8
993,26.0,-2.8
994,28.0,-2.8
995,34.0,-2.8
996,26.0,-2.8
997,30.0,-2.8
998,17.0,-2.8
999,25.0,-2.8
1000,30.0,-5.8
1001,34.0,-5.8
1002,20.0,-5.8
1003,26.0,-5.8
1004,24.0,4.9
1005,16.0,4.9
1006,48.0,4.9
1007,24.0,4.9
1008,41.0,4.9
1009,34.0,4.9
1010,25.0,4.9
1011,23.0,4.9
1012,15.0,4.9
1013,24.0,4.9
1014,14.0,4.9
1015,24.0,4.9
1016,21.0,-4.0
1017,12.0,-4.0
1018,28.0,-4.0
1019,35.0,-4.0
1020,26.0,-4.0
1021,17.0,-4.0
1022,26.0,-4.0
1023,27.0,-1.3
1024,27.0,-1.3
1025,38.0,-1.3
1026,30.0,-1.3
1027,40.0,-1.3
1028,27.0,-4.2
1029,13.0,-4.2
1030,41.0,-4.2
1031,24.0,-4.2
1032,14.0,-4.2
1033,42.0,-4.2
1034,24.0,4.2
1035,20.0,4.2
1036,27.0,4.2
1037,28.0,4.2
1038,27.0,4.2
1039,30.0,4.2
1040,43.0,4.2
1041,21.0,4.2
1042,38.0,4.2
1043,27.0,4.2
1044,26.0,-3.0
1045,31.0,-3.0
1046,32.0,-3.0
1047,20.0,-3.0
1048,17.0,-3.0
1049,31.0,-3.0
1050,37.0,2.9
1051,19.0,2.9
1052,20.0,2.9
1053,20.0,2.9
1054,42.0,2.9
1055,19.0,2.9
1056,23.0,2.9
1057,34.0,2.9
1058,29.0,2.9
1059,29.0,2.9
1060,20.0,2.9
1061,45.0,-7.6
1062,23.0,-7.6
1063,24.0,-7.6
1064,27.0,-7.6
1065,28.0,-12.9
1066,18.0,-12.9
1067,20.0,-12.9
1068,22.0,2.4
1069,13.0,2.4
1070,27.0,2.4
1071,53.0,2.4
1072,31.0,2.4
1073,27.0,2.4
1074,26.0,2.4
1075,20.0,2.4
1076,28.0,2.4
1077,24.0,2.4
1078,23.0,2.4
1079,20.0,4.7
1080,28.0,4.7
1081,43.0,4.7
1082,24.0,4.7
1083,23.0,4.7
1084,27.0,4.7
1085,35.0,4.7
1086,42.0,4.7
1087,31.0,4.7
1088,42.0,4.7
1089,35.0,4.7
1090,26.0,6.2
1091,28.0,6.2
1092,34.0,6.2
1093,28.0,6.2
1094,38.0,6.2
1095,42.0,6.2
1096,19.0,6.2
1097,28.0,6.2
1098,27.0,6.2
1099,20.0,6.2
1100,39.0,6.2
1101,17.0,2.9
1102,21.0,2.9
1103,28.0,2.9
1104,27.0,2.9
1105,30.0,2.9
1106,32.0,2.9
1107,27.0,2.9
1108,40.0,2.9
1109,27.0,2.9
1110,17.0,2.9
1111,37.0,2.9
1112,30.0,2.9
1113,27.0,7.5
1114,37.0,7.5
1115,31.0,7.5
1116,41.0,7.5
1117,24.0,7.5
1118,31.0,7.5
1119,20.0,7.5
1120,9.0,7.5
1121,51.0,7.5
1122,28.0,7.5
1123,36.0,7.5
1124,37.0,7.5
1125,48.0,7.5
1126,34.0,7.5
1127,26.0,7.5
1128,51.0,12.2
1129,35.0,12.2
1130,31.0,12.2
1131,40.0,12.2
1132,28.0,12.2
1133,33.0,12.2
1134,34.0,12.2
1135,30.0,12.2
1136,26.0,12.2
1137,24.0,12.2
1138,40.0,12.2
1139,23.0,12.2
1140,23.0,12.2
1141,26.0,12.2
1142,31.0,12.2
1143,28.0,3.4
1144,10.0,3.4
1145,21.0,3.4
1146,27.0,3.4
1147,34.0,3.4
1148,23.0,3.4
1149,42.0,3.4
1150,31.0,3.4
1151,24.0,3.4
1152,31.0,3.4
1153,20.0,3.4
1154,21.0,3.4
1155,23.0,3.4
1156,23.0,3.4
1157,32.0,1.6
1158,34.0,1.6
1159,31.0,1.6
1160,31.0,1.6
1161,22.0,1.6
1162,23.0,1.6
1163,37.0,1.6
1164,17.0,1.6
1165,34.0,1.6
1166,30.0,3.5
1167,27.0,3.5
1168,20.0,3.5
1169,37.0,3.5
1170,24.0,3.5
1171,17.0,3.5
1172,34.0,3.5
1173,28.0,3.5
1174,31.0,3.5
1175,17.0,-1.0
1176,28.0,-1.0
1177,21.0,-1.0
1178,14.0,-1.0
1179,31.0,-1.0
1180,24.0,-1.0
1181,37.0,-1.0
1182,20.0,-1.0
1183,26.0,-1.0
1184,17.0,-1.0
1185,59.0,9.6
1186,23.0,9.6
1187,26.0,9.6
1188,23.0,9.6
1189,30.0,9.6
1190,37.0,9.6
1191,49.0,9.6
1192,41.0,9.6
1193,45.0,9.6
1194,20.0,9.6
1195,24.0,9.6
1196,42.0,9.6
1197,31.0,9.6
1198,28.0,9.6
1199,30.0,0.5
1200,30.0,0.5
1201,17.0,0.5
1202,26.0,0.5
1203,45.0,0.5
1204,35.0,6.1
1205,31.0,6.1
1206,31.0,6.1
1207,37.0,6.1
1208,37.0,6.1
1209,35.0,6.1
1210,44.0,6.1
1211,47.0,6.1
1212,27.0,-5.6
1213,13.0,-5.6
1214,27.0,-5.6
1215,31.0,-5.6
1216,33.0,7.5
1217,43.0,7.5
1218,30.0,7.5
1219,16.0,7.5
1220,33.0,7.5
1221,35.0,7.5
1222,33.0,7.5
1223,27.0,7.5
1224,17.0,7.5
1225,13.0,7.5
1226,34.0,7.5
1227,24.0,7.5
1228,30.0,7.8
1229,33.0,7.8
1230,12.0,7.8
1231,31.0,7.8
1232,13.0,7.8
1233,36.0,7.8
1234,31.0,7.8
1235,34.0,7.8
1236,34.0,7.8
1237,26.0,7.8
1238,34.0,7.8
1239,38.0,7.8
1240,42.0,7.8
1241,24.0,-3.7
1242,31.0,-3.7
1243,24.0,-3.7
1244,31.0,-3.7
1245,26.0,-3.7
1246,17.0,-3.7
1247,24.0,-3.7
1248,20.0,1.9
1249,55.0,1.9
1250,30.0,1.9
1251,35.0,1.9
1252,28.0,1.9
1253,38.0,1.9
1254,38.0,1.9
1255,19.0,0.3
1256,27.0,0.3
1257,19.0,0.3
1258,30.0,0.3
1259,15.0,0.3
1260,33.0,0.3
1261,38.0,0.3
1262,16.0,-0.6
1263,31.0,-0.6
1264,16.0,-0.6
1265,20.0,-0.6
1266,19.0,-0.6
1267,24.0,-0.6
1268,31.0,-0.6
1269,21.0,-0.6
1270,24.0,1.2
1271,26.0,1.2
1272,29.0,1.2
1273,40.0,1.2
1274,29.0,1.2
1275,24.0,1.2
1276,28.0,1.2
1277,23.0,-2.2
1278,40.0,-2.2
1279,19.0,-2.2
1280,21.0,-2.2
1281,41.0,-2.2
1282,27.0,-2.2
1283,20.0,-5.7
1284,26.0,-5.7
1285,27.0,-5.7
1286,29.0,-5.7
1287,20.0,-5.7
1288,38.0,-5.7
1289,38.0,-7.0
1290,16.0,-7.0
1291,34.0,-7.0
1292,37.0,-7.0
1293,30.0,-7.0
1294,32.0,-8.7
1295,24.0,-8.7
1296,36.0,-8.7
1297,41.0,-8.7
1298,27.0,-3.8
1299,24.0,-3.8
1300,27.0,-3.8
1301,26.0,-3.8
1302,17.0,-3.8
1303,16.0,-3.8
1304,20.0,-3.8
1305,23.0,-3.8
1306,26.0,-3.3
1307,34.0,-3.3
1308,27.0,-3.3
1309,38.0,-3.3
1310,27.0,-3.3
1311,20.0,-3.5
1312,16.0,-3.5
1313,24.0,-3.5
1314,23.0,-3.5
1315,38.0,-3.5
1316,27.0,-3.5
1317,16.0,-3.5
1318,17.0,-9.9
1319,19.0,-9.9
1320,29.0,-9.9
1321,24.0,-6.5
1322,34.0,-6.5
1323,34.0,-6.5
1324,34.0,-6.5
1325,22.0,-6.5
1326,16.0,-6.5
1327,13.0,-6.5
1328,26.0,-9.8
1329,16.0,-9.8
1330,37.0,-9.8
1331,38.0,-9.8
1332,27.0,-9.8
1333,22.0,-8.0
1334,33.0,-8.0
1335,,-2.9
1336,16.0,-2.9
1337,39.0,-2.9
1338,,-4.2
1339,27.0,-4.2
1340,25.0,-4.2
1341,,4.7
1342,43.0,4.7
1343,42.0,4.7
1344,37.0,4.7
1345,30.0,4.7
1346,35.0,4.7
1347,34.0,4.7
1348,,-0.5
1349,31.0,-0.5
1350,43.0,-0.5
1351,24.0,-0.5
1352,28.0,-0.5
1353,34.0,-0.5
1354,,6.7
1355,38.0,6.7
1356,33.0,6.7
1357,31.0,6.7
1358,27.0,6.7
1359,30.0,6.7
1360,24.0,6.7
1361,,-7.8
1362,40.0,-7.8
1363,37.0,-7.8
1364,,4.6
1365,26.0,4.6
1366,26.0,4.6
1367,28.0,4.6
1368,38.0,4.6
1369,38.0,4.6
1370,27.0,4.6
1371,28.0,4.6
1372,24.0,4.6
1373,,-0.6
1374,40.0,-0.6
1375,25.0,-0.6
1376,34.0,-0.6
1377,,-8.8
1378,27.0,-8.8
1379,,5.5
1380,34.0,5.5
1381,35.0,5.5
1382,30.0,5.5
1383,27.0,5.5
1384,26.0,5.5
1385,38.0,5.5
1386,,-9.0
1387,,1.9
1388,31.0,1.9
1389,28.0,1.9
1390,34.0,1.9
1391,,2.5
1392,24.0,2.5
1393,30.0,2.5
1394,30.0,2.5
1395,38.0,2.5
1396,37.0,2.5
1397,,4.7
1398,38.0,4.7
1399,35.0,4.7
1400,38.0,4.7
1401,31.0,4.7
1402,27.0,4.7
1403,37.0,4.7
1404,,-0.2
1405,34.0,-0.2
1406,34.0,-0.2
1407,40.0,-0.2
1408,16.0,-0.2
1409,31.0,-0.2
1410,34.0,10.3
1411,23.0,10.3
1412,34.0,10.3
1413,26.0,10.3
1414,26.0,10.3
1415,43.0,10.3
1416,35.0,10.3
1417,33.0,10.3
1418,21.0,-0.1
1419,36.0,-0.1
1420,30.0,-0.1
1421,27.0,-2.1
1422,17.0,-2.1
1423,30.0,-2.1
1424,20.0,-2.1
1425,23.0,-2.1
1426,27.0,1.9
1427,31.0,1.9
1428,35.0,1.9
1429,30.0,1.9
1430,18.0,1.9
1431,24.0,1.9
1432,44.0,1.9
1433,20.0,3.8
1434,37.0,3.8
1435,17.0,3.8
1436,30.0,3.8
1437,24.0,3.8
1438,35.0,-1.5
1439,34.0,-1.5
1440,49.0,-1.5
1441,32.0,-1.5
1442,37.0,-1.5
1443,31.0,3.7
1444,36.0,3.7
1445,24.0,3.7
1446,33.0,3.7
1447,28.0,0.5
1448,36.0,0.5
1449,19.0,0.5
1450,31.0,0.5
1451,41.0,0.5
1452,23.0,-0.9
1453,25.0,-0.9
1454,22.0,-0.9
1455,23.0,-0.9
1456,21.0,-0.6
1457,31.0,-0.6
1458,23.0,-0.6
1459,26.0,-4.7
1460,34.0,-4.7
1461,23.0,-4.7
1462,37.0,-2.7
1463,18.0,-2.7
1464,31.0,-2.7
1465,33.0,-3.6
1466,31.0,-3.6
1467,30.0,-2.4
1468,27.0,-2.4
1469,20.0,-5.4
1470,23.0,-5.4
